,Name,Pokedex,Stamina,Attack,Defense,Primary,Secondary,MaxHP,Capture_rate,Escape_rate,Weight,Height,Legendary,MaxCP,Generation
563,Tirtouga,564,144,134,146,Water,Rock,125,0.3,0.1,16.5,0.7,No,1488,5
453,Toxicroak,454,195,211,133,Poison,Fighting,165,0.15,0.07,44.4,1.3,No,2488,4
12,Weedle,13,120,63,50,Bug,Poison,106,0.5,0.2,3.2,0.3,No,456,1
265,Silcoon,266,137,60,77,Bug,None,120,0.25,0.09,10.0,0.61,No,553,3
543,Whirlipede,544,120,100,173,Bug,Poison,106,0.15,0.05,58.5,1.2,No,1144,5
584,Deerling,585,155,115,100,Normal,Grass,134,0.3,0.1,19.5,0.6,No,1135,5
253,Sceptile,254,172,223,169,Grass,None,147,0.05,0.05,52.2,1.7,No,2757,3
58,Arcanine,59,207,227,166,Fire,None,175,0.1,0.06,155.0,1.9,No,3029,1
614,Cryogonal,615,190,190,218,Ice,None,162,0.2,0.07,148.0,1.1,No,2798,5
357,Chimecho,358,181,175,170,Psychic,None,154,0.3,0.1,1.0,0.61,No,2259,3
190,Sunkern,191,102,55,55,Grass,None,92,0.5,0.09,1.8,0.3,No,395,2
215,Teddiursa,216,155,142,93,Normal,None,134,0.5,0.2,8.8,0.61,No,1328,2
119,Staryu,120,102,137,112,Water,None,92,0.5,0.15,34.5,0.8,No,1157,1
347,Armaldo,348,181,222,174,Rock,Bug,154,0.2,0.06,68.2,1.5,No,2848,3
297,Azurill,298,137,36,71,Normal,Fairy,120,0.1,0.04,2.0,0.2,No,364,3
588,Escavalier,589,172,223,187,Bug,Steel,147,0.125,0.05,33.0,1.0,No,2889,5
333,Altaria,334,181,141,201,Dragon,Flying,154,0.2,0.06,20.6,1.09,No,2004,3
199,Misdreavus,200,155,167,154,Ghost,None,134,0.3,0.07,1.0,0.71,No,1926,2
77,Rapidash,78,163,207,162,Fire,None,140,0.15,0.06,95.0,1.7,No,2461,1
50,Dugtrio,51,111,167,136,Ground,None,99,0.2,0.06,33.3,0.7,No,1567,1
195,Espeon,196,163,261,175,Psychic,None,140,0.125,0.05,26.5,0.89,No,3170,2
565,Archen,566,146,213,89,Rock,Flying,127,0.3,0.09,9.5,0.5,No,1842,5
301,Sableye,302,137,141,136,Dark,Ghost,120,0.2,0.07,11.0,0.51,No,1476,3
246,Pupitar,247,172,155,133,Rock,Ground,147,0.1,0.07,152.0,1.19,No,1766,2
266,Beautifly,267,155,189,98,Bug,Flying,134,0.125,0.06,28.4,0.99,No,1765,3
593,Alomomola,594,338,138,131,Water,None,278,0.2,0.07,31.6,1.2,No,2169,5
139,Kabuto,140,102,148,140,Rock,Water,92,0.4,0.09,11.5,0.5,No,1370,1
171,Pichu,172,85,77,53,Electric,None,79,0.0,0.05,2.0,0.3,No,473,2
499,Emboar,500,242,235,127,Fire,Fighting,203,0.05,0.05,150.0,1.6,No,2982,5
315,Gulpin,316,172,80,99,Poison,None,147,0.5,0.1,10.3,0.41,No,866,3
38,Jigglypuff,39,251,80,41,Normal,Fairy,210,0.5,0.1,5.5,0.5,No,724,1
140,Kabutops,141,155,220,186,Rock,Water,134,0.15,0.05,40.5,1.3,No,2713,1
557,Crustle,558,172,188,200,Bug,Rock,147,0.1,0.07,200.0,1.4,No,2542,5
39,Wigglytuff,40,295,156,90,Normal,Fairy,244,0.2,0.06,12.0,1.0,No,1926,1
272,Seedot,273,120,71,77,Grass,None,106,0.5,0.2,4.0,0.51,No,598,3
131,Ditto,132,134,91,91,Normal,None,117,0.2,0.1,4.0,0.3,No,832,1
640,Tornadus,641,188,266,164,Flying,None,160,0.02,0.01,63.0,1.5,Si,3345,5
163,Noctowl,164,225,145,156,Normal,Flying,189,0.15,0.07,40.8,1.6,No,2024,2
408,Rampardos,409,219,295,109,Rock,None,184,0.2,0.06,102.5,1.6,No,3298,4
358,Absol,359,163,246,120,Dark,None,140,0.5,0.1,47.0,1.19,No,2526,3
218,Magcargo,219,137,139,191,Fire,Rock,120,0.125,0.06,55.0,0.79,No,1702,2
431,Purugly,432,174,172,133,Normal,None,149,0.15,0.08,43.8,1.0,No,1953,4
462,Lickilicky,463,242,161,181,Normal,None,203,0.15,0.09,140.0,1.7,No,2467,4
109,Weezing,110,163,174,197,Poison,None,140,0.2,0.06,9.5,1.2,No,2293,1
605,Beheeyem,606,181,221,163,Psychic,None,154,0.15,0.05,34.5,1.0,No,2753,5
381,Kyogre,382,205,270,228,Water,None,173,0.02,0.01,352.0,4.5,Si,4115,4
103,Cubone,104,137,90,144,Ground,None,120,0.4,0.1,6.5,0.4,No,1019,1
61,Poliwrath,62,207,182,184,Water,Fighting,175,0.125,0.05,54.0,1.3,No,2586,1
350,Castform,351,172,139,139,Normal,None,147,0.3,0.1,0.8,0.3,No,1632,3
43,Gloom,44,155,153,136,Grass,Poison,134,0.3,0.07,8.6,0.8,No,1681,1
227,Houndour,228,128,152,83,Dark,Fire,113,0.4,0.1,10.8,0.61,No,1234,2
619,Mienshao,620,163,258,127,Fighting,None,140,0.15,0.05,35.5,1.4,No,2710,5
96,Hypno,97,198,144,193,Psychic,None,168,0.2,0.06,75.6,1.6,No,2090,1
400,Kricketot,401,114,45,74,Bug,None,101,0.5,0.2,2.2,0.3,No,401,4
465,Electivire,466,181,249,163,Electric,None,154,0.15,0.1,138.6,1.8,No,3079,4
236,Hitmontop,237,137,173,207,Fighting,None,120,0.1,0.05,48.0,1.4,No,2156,2
222,Remoraid,223,111,127,69,Water,None,99,0.5,0.1,12.0,0.61,No,912,2
500,Oshawott,501,146,117,85,Water,None,127,0.2,0.1,5.9,0.5,No,1046,5
146,Dratini,147,121,119,91,Dragon,None,107,0.4,0.09,3.3,1.8,No,1004,1
260,Poochyena,261,111,96,61,Dark,None,99,0.5,0.2,13.6,0.51,No,678,3
349,Milotic,350,216,192,219,Water,None,182,0.1,0.07,162.0,6.2,No,3005,3
314,Roselia,315,137,186,131,Grass,Poison,120,0.3,0.09,2.0,0.3,No,1870,3
385,Deoxys,386,137,345,115,Psychic,None,120,0.06,0.01,60.8,1.7,No,3160,4
397,Staraptor,398,198,234,140,Normal,Flying,168,0.125,0.06,24.9,1.2,No,2825,4
72,Tentacruel,73,190,166,209,Water,Poison,162,0.2,0.07,55.0,1.6,No,2422,1
459,Abomasnow,460,207,178,158,Grass,Ice,175,0.125,0.06,135.5,2.2,No,2362,4
239,Magby,240,128,151,99,Fire,None,113,0.0,0.2,21.4,0.71,No,1323,2
645,Kyurem,646,245,246,170,Dragon,Ice,205,0.02,0.01,325.0,3.0,Si,3575,5
185,Politoed,186,207,174,179,Water,None,175,0.1,0.05,33.9,1.09,No,2449,2
233,Stantler,234,177,192,131,Normal,None,151,0.3,0.08,71.2,1.4,No,2164,2
569,Zorua,570,120,153,78,Dark,None,106,0.3,0.09,12.5,0.7,No,1175,5
644,Landorus,645,205,261,182,Ground,Flying,173,0.02,0.01,68.0,1.5,Si,3588,5
178,Mareep,179,146,114,79,Electric,None,127,0.5,0.1,7.8,0.61,No,991,2
613,Beartic,614,216,233,152,Ice,None,182,0.15,0.05,260.0,2.6,No,3042,5
90,Cloyster,91,137,186,256,Water,Ice,120,0.2,0.06,132.5,1.5,No,2547,1
308,Electrike,309,120,123,78,Electric,None,106,0.5,0.1,15.2,0.61,No,965,3
29,Nidorina,30,172,117,120,Poison,None,147,0.25,0.07,20.0,0.8,No,1309,1
202,Girafarig,203,172,182,133,Normal,Psychic,147,0.3,0.07,41.5,1.5,No,2046,2
86,Dewgong,87,207,139,177,Water,Ice,175,0.2,0.06,120.0,1.7,No,1985,1
636,Volcarona,637,198,264,189,Bug,Fire,168,0.1,0.07,46.0,1.6,No,3632,5
603,Eelektross,604,198,217,152,Electric,None,168,0.05,0.05,80.5,2.1,No,2732,5
342,Baltoy,343,120,77,124,Ground,Psychic,106,0.5,0.1,21.5,0.51,No,787,3
643,Zekrom,644,205,275,211,Dragon,Electric,173,0.02,0.01,345.0,2.9,Si,4038,5
13,Kakuna,14,128,46,75,Bug,Poison,113,0.25,0.09,10.0,0.6,No,432,1
532,Gurdurr,533,198,180,134,Fighting,None,168,0.25,0.07,40.0,1.2,No,2169,5
466,Magmortar,467,181,247,172,Fire,None,154,0.15,0.1,68.0,1.6,No,3132,4
296,Hariyama,297,302,209,114,Fighting,None,250,0.2,0.06,253.8,2.31,No,2829,3
393,Prinplup,394,162,150,139,Water,None,139,0.1,0.07,23.0,0.8,No,1701,4
552,Krookodile,553,216,229,158,Ground,Dark,182,0.125,0.05,96.3,1.5,No,3046,5
579,Ducklett,580,158,84,96,Water,Flying,136,0.5,0.15,5.5,0.5,No,856,5
388,Torterra,389,216,202,188,Grass,Ground,182,0.05,0.05,310.0,2.2,No,2934,4
91,Gastly,92,102,186,67,Ghost,Poison,92,0.4,0.1,0.1,1.3,No,1229,1
150,Mew,151,225,210,210,Psychic,None,189,1.0,0.0,4.0,0.4,Si,3265,1
623,Pawniard,624,128,154,114,Dark,Steel,113,0.3,0.09,10.2,0.5,No,1433,5
126,Pinsir,127,163,238,182,Bug,None,140,0.3,0.09,55.0,1.5,No,2959,1
622,Golurk,623,205,222,154,Ground,Ghost,173,0.15,0.05,330.0,2.8,No,2854,5
151,Chikorita,152,128,92,122,Grass,None,113,0.2,0.1,6.4,0.89,No,935,2
179,Flaaffy,180,172,145,109,Electric,None,147,0.25,0.07,13.3,0.79,No,1521,2
547,Petilil,548,128,119,91,Grass,None,113,0.3,0.1,6.6,0.5,No,1030,5
277,Wingull,278,120,106,61,Water,Flying,106,0.5,0.2,9.5,0.61,No,765,3
404,Luxray,405,190,232,156,Electric,None,162,0.125,0.05,42.0,1.4,No,2888,4
365,Clamperl,366,111,133,135,Water,None,99,0.5,0.1,52.5,0.41,No,1270,3
285,Breloom,286,155,241,144,Grass,Fighting,134,0.2,0.07,39.2,1.19,No,2628,3
568,Garbodor,569,190,181,164,Poison,None,162,0.1,0.07,107.3,1.9,No,2345,5
169,Chinchou,170,181,106,97,Water,Electric,154,0.4,0.1,12.0,0.51,No,1119,2
589,Foongus,590,170,97,91,Grass,Poison,146,0.3,0.1,1.0,0.2,No,979,5
49,Diglett,50,67,109,78,Ground,None,64,0.5,0.1,0.8,0.2,No,676,1
515,Simipour,516,181,206,133,Water,None,154,0.2,0.07,29.0,1.0,No,2350,5
457,Mantyke,458,128,105,179,Water,Flying,113,0.1,0.04,65.0,1.0,No,1248,4
363,Sealeo,364,207,137,132,Ice,Water,175,0.25,0.07,87.6,1.09,No,1714,3
32,Nidorino,33,156,137,111,Poison,None,135,0.25,0.07,19.5,0.9,No,1393,1
302,Mawile,303,137,155,141,Steel,Fairy,120,0.5,0.09,11.5,0.61,No,1634,3
278,Pelipper,279,155,175,174,Water,Flying,134,0.2,0.07,28.0,1.19,No,2127,3
467,Togekiss,468,198,225,217,Fairy,Flying,168,0.01,0.05,38.0,1.5,No,3332,4
371,Shelgon,372,163,172,155,Dragon,None,140,0.1,0.06,110.5,1.09,No,2031,4
243,Entei,244,251,235,171,Fire,None,210,0.02,0.04,198.0,2.11,Si,3473,2
130,Lapras,131,277,165,174,Water,Ice,230,0.05,0.09,220.0,2.5,No,2641,1
94,Onix,95,111,85,232,Rock,Ground,99,0.2,0.09,210.0,8.8,No,1101,1
68,Bellsprout,69,137,139,61,Grass,Poison,120,0.5,0.15,4.0,0.7,No,1033,1
451,Drapion,452,172,180,202,Poison,Dark,147,0.15,0.08,61.5,1.3,No,2453,4
606,Litwick,607,137,108,98,Ghost,Fire,120,0.4,0.09,3.1,0.3,No,1006,5
102,Exeggutor,103,216,233,149,Grass,Psychic,182,0.2,0.06,120.0,2.0,No,3014,1
449,Hippowdon,450,239,201,191,Ground,None,200,0.15,0.08,300.0,2.0,No,3085,4
609,Axew,610,130,154,101,Dragon,None,114,0.4,0.09,18.0,0.6,No,1368,5
24,Pikachu,25,111,112,96,Electric,None,99,0.2,0.1,6.0,0.4,No,938,1
394,Empoleon,395,197,210,186,Water,Steel,167,0.05,0.05,84.5,1.7,No,2900,4
71,Tentacool,72,120,97,149,Water,Poison,106,0.5,0.15,45.5,0.9,No,1040,1
572,Cinccino,573,181,198,130,Normal,None,154,0.1,0.07,7.5,0.5,No,2242,5
92,Haunter,93,128,223,107,Ghost,Poison,113,0.2,0.07,0.1,1.6,No,1963,1
259,Swampert,260,225,208,175,Water,Ground,189,0.05,0.05,81.9,1.5,No,2974,3
204,Forretress,205,181,161,205,Bug,Steel,154,0.15,0.07,125.8,1.19,No,2282,2
48,Venomoth,49,172,179,143,Bug,Poison,147,0.2,0.07,12.5,1.5,No,2082,1
203,Pineco,204,137,108,122,Bug,None,120,0.4,0.12,7.2,0.61,No,1108,2
19,Raticate,20,146,161,139,Normal,None,127,0.2,0.07,18.5,0.7,No,1730,1
129,Gyarados,130,216,237,186,Water,Flying,182,0.1,0.07,235.0,6.5,No,3391,1
121,Mr.,122,120,192,205,Psychic,Fairy,106,0.3,0.09,54.5,1.3,No,2228,1
550,Sandile,551,137,132,69,Ground,Dark,120,0.5,0.15,15.2,0.7,No,1037,5
135,Flareon,136,163,246,179,Fire,None,140,0.125,0.06,25.0,0.9,No,3029,1
418,Floatzel,419,198,221,114,Water,None,168,0.2,0.06,33.5,1.1,No,2443,4
56,Primeape,57,163,207,138,Fighting,None,140,0.2,0.06,32.0,1.0,No,2288,1
141,Aerodactyl,142,190,221,159,Rock,Flying,162,0.2,0.09,59.0,1.8,No,2783,1
489,Manaphy,490,225,210,210,Water,None,189,0.02,0.0,1.4,0.3,No,3265,4
152,Bayleef,153,155,122,155,Grass,None,134,0.125,0.07,15.8,1.19,No,1454,2
359,Wynaut,360,216,41,86,Psychic,None,182,0.3,0.1,14.0,0.61,No,534,3
208,Snubbull,209,155,137,85,Fairy,None,134,0.4,0.1,7.8,0.61,No,1237,2
298,Nosepass,299,102,82,215,Rock,None,92,0.2,0.09,97.0,0.99,No,993,3
18,Rattata,19,102,103,70,Normal,None,92,0.5,0.2,3.5,0.3,No,734,1
461,Magnezone,462,172,238,205,Electric,Steel,147,0.125,0.05,180.0,1.2,No,3205,4
322,Camerupt,323,172,194,136,Fire,Ground,147,0.2,0.06,220.0,1.91,No,2193,3
206,Gligar,207,163,143,184,Ground,Flying,140,0.2,0.07,64.8,1.09,No,1857,2
396,Staravia,397,146,142,94,Normal,Flying,127,0.25,0.09,15.5,0.6,No,1299,4
97,Krabby,98,102,181,124,Water,None,92,0.5,0.15,6.5,0.4,No,1561,1
629,Mandibuzz,630,242,129,205,Dark,Flying,203,0.15,0.05,39.5,1.2,No,2138,5
324,Spoink,325,155,125,122,Psychic,None,134,0.5,0.1,30.6,0.71,No,1334,3
2,Venusaur,3,190,198,189,Grass,Poison,162,0.05,0.05,100.0,2.0,No,2720,1
328,Vibrava,329,137,134,99,Ground,Dragon,120,0.1,0.06,15.3,1.09,No,1225,3
473,Porygon-Z,474,198,264,150,Normal,None,168,0.05,0.05,34.0,0.9,No,3266,4
367,Gorebyss,368,146,211,179,Water,None,127,0.2,0.06,22.6,1.8,No,2494,3
524,Boldore,525,172,174,143,Rock,None,147,0.25,0.07,102.0,0.9,No,2029,5
155,Quilava,156,151,158,126,Fire,None,131,0.125,0.07,19.0,0.89,No,1653,2
291,Shedinja,292,1,153,73,Bug,Ghost,12,0.05,0.05,1.2,0.79,No,393,3
566,Archeops,567,181,292,139,Rock,Flying,154,0.1,0.07,32.0,1.4,No,3331,5
576,Solosis,577,128,170,83,Psychic,None,113,0.5,0.15,1.0,0.3,No,1367,5
346,Anorith,347,128,176,100,Rock,Bug,113,0.5,0.1,12.5,0.71,No,1529,3
480,Mesprit,481,190,212,212,Psychic,None,162,0.02,0.0,0.3,0.3,Si,3058,4
617,Stunfisk,618,240,144,171,Ground,Electric,201,0.2,0.07,11.0,0.7,No,2162,5
447,Lucario,448,172,236,144,Fighting,Steel,147,0.1,0.05,54.0,1.2,No,2703,4
305,Aggron,306,172,198,257,Steel,Rock,147,0.125,0.06,360.0,2.11,No,3000,3
116,Seadra,117,146,187,156,Water,None,127,0.2,0.06,25.0,1.2,No,2093,1
83,Doduo,84,111,158,83,Normal,Flying,99,0.5,0.1,39.2,1.4,No,1200,1
111,Rhydon,112,233,222,171,Ground,Rock,195,0.05,0.06,120.0,1.9,No,3179,1
497,Tepig,498,163,115,85,Fire,None,140,0.2,0.1,9.9,0.5,No,1083,5
373,Beldum,374,120,96,132,Steel,Psychic,106,0.4,0.09,95.2,0.61,No,976,4
93,Gengar,94,155,261,149,Ghost,Poison,134,0.1,0.05,40.5,1.5,No,2878,1
430,Glameow,431,135,109,82,Normal,None,118,0.4,0.1,3.9,0.5,No,934,4
432,Chingling,433,128,114,94,Psychic,None,113,0.1,0.04,0.6,0.2,No,1005,4
558,Scraggy,559,137,132,132,Dark,Fighting,120,0.3,0.09,11.8,0.6,No,1372,5
87,Grimer,88,190,135,90,Poison,None,162,0.5,0.1,30.0,0.9,No,1374,1
512,Pansear,513,137,104,94,Fire,None,120,0.2,0.07,11.0,0.6,No,956,5
448,Hippopotas,449,169,124,118,Ground,None,145,0.4,0.1,49.5,0.8,No,1358,4
345,Cradily,346,200,152,194,Rock,Grass,169,0.2,0.06,60.4,1.5,No,2211,3
80,Magnemite,81,93,165,121,Electric,Steel,85,0.5,0.1,6.0,0.3,No,1362,1
55,Mankey,56,120,148,82,Fighting,None,106,0.5,0.1,28.0,0.5,No,1164,1
182,Marill,183,172,37,93,Water,Fairy,147,0.5,0.1,8.5,0.41,No,461,2
293,Loudred,294,197,134,81,Normal,None,167,0.25,0.09,40.5,0.99,No,1327,3
504,Watchog,505,155,165,139,Normal,None,134,0.2,0.07,27.0,1.1,No,1819,5
9,Caterpie,10,128,55,55,Bug,None,113,0.5,0.2,2.9,0.3,No,437,1
438,Mime,439,85,125,142,Psychic,Fairy,79,0.1,0.04,13.0,0.6,No,1095,4
450,Skorupi,451,120,93,151,Poison,Bug,106,0.4,0.1,12.0,0.8,No,1009,4
445,Munchlax,446,286,137,117,Normal,None,237,0.1,0.04,105.0,0.6,No,1892,4
414,Combee,415,102,59,83,Bug,Flying,92,0.15,0.07,5.5,0.3,No,494,4
25,Raichu,26,155,193,151,Electric,None,134,0.1,0.06,30.0,0.8,No,2182,1
481,Azelf,482,181,270,151,Psychic,None,154,0.02,0.0,0.3,0.3,Si,3210,4
275,Taillow,276,120,106,61,Normal,Flying,106,0.5,0.2,2.3,0.3,No,765,3
598,Klink,599,120,98,121,Steel,None,106,0.4,0.1,21.0,0.3,No,956,5
289,Nincada,290,104,80,126,Bug,Ground,94,0.2,0.1,5.5,0.51,No,768,3
516,Munna,517,183,111,92,Psychic,None,156,0.5,0.2,23.3,0.6,No,1145,5
415,Vespiquen,416,172,149,190,Bug,Flying,147,0.15,0.07,38.5,1.2,No,2005,4
559,Scrafty,560,163,163,222,Dark,Fighting,140,0.1,0.07,30.0,1.1,No,2283,5
354,Duskull,355,85,70,162,Ghost,None,79,0.4,0.1,15.0,0.79,No,706,3
228,Houndoom,229,181,224,144,Dark,Fire,154,0.15,0.06,35.0,1.4,No,2635,2
132,Eevee,133,146,104,114,Normal,None,127,0.4,0.1,6.5,0.3,No,1071,1
142,Snorlax,143,330,190,169,Normal,None,272,0.05,0.09,460.0,2.1,No,3225,1
143,Articuno,144,207,192,236,Ice,Flying,175,0.03,0.1,55.4,1.7,Si,3051,1
6,Squirtle,7,127,94,121,Water,None,112,0.2,0.1,9.0,0.5,No,946,1
123,Jynx,124,163,223,151,Ice,Psychic,140,0.3,0.09,40.6,1.4,No,2555,1
571,Minccino,572,146,98,80,Normal,None,127,0.3,0.1,5.8,0.4,No,872,5
424,Drifloon,425,207,117,80,Ghost,Flying,175,0.4,0.1,1.2,0.4,No,1197,4
66,Machoke,67,190,177,125,Fighting,None,162,0.25,0.07,70.5,1.5,No,2031,1
27,Sandslash,28,181,182,175,Ground,None,154,0.2,0.06,29.5,1.0,No,2374,1
269,Lotad,270,120,71,77,Water,Grass,106,0.5,0.2,2.6,0.51,No,598,3
426,Buneary,427,146,130,105,Normal,None,127,0.5,0.1,5.5,0.4,No,1258,4
242,Raikou,243,207,241,195,Electric,None,175,0.02,0.04,178.0,1.91,Si,3452,2
530,Audino,531,230,114,163,Normal,None,193,0.05,0.05,31.0,1.1,No,1682,5
154,Cyndaquil,155,118,116,93,Fire,None,105,0.2,0.1,7.9,0.51,No,980,2
509,Liepard,510,162,187,106,Dark,None,139,0.2,0.07,37.5,1.1,No,1846,5
28,Nidoran?Â€,29,146,86,89,Poison,None,127,0.5,0.15,7.0,0.4,No,816,1
262,Zigzagoon,263,116,58,80,Normal,None,103,0.5,0.2,17.5,0.41,No,508,3
595,Galvantula,596,172,201,128,Bug,Electric,147,0.125,0.05,14.3,0.8,No,2206,5
387,Grotle,388,181,157,143,Grass,None,154,0.1,0.07,97.0,1.1,No,1890,4
235,Tyrogue,236,111,64,64,Fighting,None,99,0.0,0.2,21.0,0.71,No,492,2
251,Treecko,252,120,124,94,Grass,None,106,0.2,0.1,5.0,0.51,No,1053,3
187,Skiploom,188,146,91,120,Grass,Flying,127,0.25,0.07,1.0,0.61,No,976,2
519,Tranquill,520,158,144,107,Normal,Flying,136,0.25,0.09,15.0,0.6,No,1442,5
274,Shiftry,275,207,200,121,Grass,Dark,175,0.125,0.06,59.6,1.3,No,2333,3
107,Lickitung,108,207,108,137,Normal,None,175,0.2,0.09,65.5,1.2,No,1411,1
42,Oddish,43,128,131,112,Grass,Poison,113,0.6,0.15,5.4,0.5,No,1228,1
361,Glalie,362,190,162,162,Ice,None,162,0.2,0.06,256.5,1.5,No,2105,3
612,Cubchoo,613,146,128,74,Ice,None,127,0.3,0.1,8.5,0.5,No,1069,5
389,Chimchar,390,127,113,86,Fire,None,112,0.2,0.1,6.2,0.5,No,957,4
3,Charmander,4,118,116,93,Fire,None,105,0.2,0.1,8.5,0.6,No,980,1
164,Ledyba,165,120,72,118,Bug,Flying,106,0.5,0.2,10.8,0.99,No,728,2
458,Snover,459,155,115,105,Grass,Ice,134,0.3,0.1,50.5,1.0,No,1159,4
263,Linoone,264,186,142,128,Normal,None,158,0.2,0.07,32.5,0.51,No,1662,3
79,Slowbro,80,216,177,180,Water,Psychic,182,0.2,0.06,78.5,1.6,No,2545,1
620,Druddigon,621,184,213,170,Dragon,None,157,0.2,0.07,139.0,1.6,No,2732,5
600,Klinklang,601,155,199,214,Steel,None,134,0.05,0.05,81.0,0.6,No,2637,5
161,Furret,162,198,148,125,Normal,None,168,0.15,0.07,32.5,1.8,No,1758,2
167,Ariados,168,172,161,124,Bug,Poison,147,0.15,0.07,33.5,1.09,No,1772,2
531,Timburr,532,181,134,87,Fighting,None,154,0.5,0.15,12.5,0.6,No,1315,5
44,Vileplume,45,181,202,167,Grass,Poison,154,0.15,0.05,18.6,1.2,No,2559,1
255,Combusken,256,155,163,115,Fire,Fighting,134,0.1,0.07,19.5,0.89,No,1652,3
478,Rotom,479,137,185,159,Electric,Ghost,120,0.3,0.1,0.3,0.3,No,2031,4
401,Kricketune,402,184,160,100,Bug,None,157,0.2,0.07,25.5,1.0,No,1653,4
479,Uxie,480,181,156,270,Psychic,None,154,0.02,0.0,0.3,0.3,Si,2524,4
226,Skarmory,227,163,148,226,Steel,Flying,140,0.2,0.09,50.5,1.7,No,2108,2
491,Shaymin,492,225,210,210,Grass,None,189,0.02,0.0,2.1,0.2,Si,3265,4
528,Drilbur,529,155,154,85,Ground,None,134,0.5,0.2,8.5,0.3,No,1376,5
168,Crobat,169,198,194,178,Poison,Flying,168,0.1,0.05,75.0,1.8,No,2646,2
46,Parasect,47,155,165,146,Bug,Grass,134,0.2,0.07,29.5,1.0,No,1859,1
147,Dragonair,148,156,163,135,Dragon,None,135,0.1,0.06,16.5,4.0,No,1780,1
495,Servine,496,155,122,152,Grass,None,134,0.1,0.1,16.0,0.8,No,1441,5
425,Drifblim,426,312,180,102,Ghost,Flying,258,0.2,0.07,15.0,1.2,No,2382,4
256,Blaziken,257,190,240,141,Fire,Fighting,162,0.05,0.05,52.0,1.91,No,2848,3
436,Bronzong,437,167,161,213,Steel,Psychic,143,0.2,0.06,187.0,1.3,No,2239,4
639,Virizion,640,209,192,229,Grass,Fighting,177,0.02,0.01,200.0,2.0,Si,3022,5
221,Corsola,222,146,118,156,Water,Rock,127,0.3,0.12,5.0,0.61,No,1378,2
536,Seismitoad,537,233,188,150,Water,Ground,195,0.125,0.05,62.0,1.5,No,2564,5
264,Wurmple,265,128,75,59,Bug,None,113,0.5,0.2,3.6,0.3,No,578,3
647,Meloetta,648,225,250,225,Normal,Psychic,189,0.02,0.01,6.5,0.6,No,3972,5
399,Bibarel,400,188,162,119,Normal,Water,160,0.2,0.07,31.5,1.0,No,1823,4
487,Cresselia,488,260,152,258,Psychic,None,217,0.02,0.04,85.6,1.5,No,2857,4
582,Vanillish,583,139,151,138,Ice,None,121,0.05,0.05,41.0,1.1,No,1591,5
368,Relicanth,369,225,162,203,Water,Rock,189,0.9,0.01,23.4,0.99,No,2528,4
570,Zoroark,571,155,250,127,Dark,None,134,0.1,0.07,81.1,1.6,No,2571,5
158,Croconaw,159,163,150,142,Water,None,140,0.125,0.07,25.0,1.09,No,1722,2
392,Piplup,393,142,112,102,Water,None,124,0.2,0.1,5.2,0.4,No,1075,4
581,Vanillite,582,113,118,106,Ice,None,101,0.1,0.07,5.7,0.4,No,1033,5
513,Simisear,514,181,206,133,Fire,None,154,0.5,0.2,28.0,1.0,No,2350,5
248,Lugia,249,235,193,310,Psychic,Flying,197,0.02,0.04,216.0,5.21,Si,3703,2
268,Dustox,269,155,98,162,Bug,Poison,134,0.125,0.06,31.6,1.19,No,1224,3
100,Electrode,101,155,173,173,Electric,None,134,0.2,0.06,66.6,1.2,No,2099,1
320,Wailord,321,347,175,87,Water,None,286,0.2,0.06,398.0,14.5,No,2280,3
309,Manectric,310,172,215,127,Electric,None,147,0.2,0.06,40.2,1.5,No,2340,3
76,Ponyta,77,137,170,127,Fire,None,120,0.4,0.1,30.0,1.0,No,1697,1
16,Pidgeotto,17,160,117,105,Normal,Flying,138,0.25,0.09,30.0,1.1,No,1194,1
234,Smeargle,235,146,40,83,Normal,None,127,0.25,0.07,58.0,1.19,No,431,2
45,Paras,46,111,121,99,Bug,Grass,99,0.4,0.15,5.4,0.3,No,1018,1
303,Aron,304,137,121,141,Steel,Rock,120,0.5,0.2,60.0,0.41,No,1307,3
601,Tynamo,602,111,105,78,Electric,None,99,0.4,0.15,0.3,0.2,No,811,5
625,Bouffalant,626,216,195,182,Normal,None,182,0.2,0.07,94.6,1.6,No,2797,5
454,Carnivine,455,179,187,136,Grass,None,153,0.9,0.01,27.0,1.4,No,2159,4
210,Qwilfish,211,163,184,138,Water,Poison,140,0.3,0.08,3.9,0.51,No,2051,2
339,Whiscash,340,242,151,141,Water,Ground,203,0.2,0.06,23.6,0.89,No,2075,3
112,Chansey,113,487,60,128,Normal,None,396,0.2,0.09,34.6,1.1,No,1255,1
194,Quagsire,195,216,152,143,Water,Ground,182,0.15,0.07,75.0,1.4,No,1992,2
273,Nuzleaf,274,172,134,78,Grass,Dark,147,0.25,0.09,28.0,0.99,No,1227,3
637,Cobalion,638,209,192,229,Steel,Fighting,177,0.02,0.01,250.0,2.1,Si,3022,5
370,Bagon,371,128,134,93,Dragon,None,113,0.4,0.09,42.1,0.61,No,1156,4
541,Leavanny,542,181,205,165,Bug,Grass,154,0.125,0.05,20.5,1.2,No,2580,5
299,Skitty,300,137,84,79,Normal,None,120,0.5,0.1,11.0,0.61,No,739,3
551,Krokorok,552,155,155,90,Ground,Dark,134,0.25,0.07,33.4,1.0,No,1418,5
325,Grumpig,326,190,171,188,Psychic,None,162,0.2,0.06,71.5,0.89,No,2369,3
336,Lunatone,337,207,178,153,Rock,Psychic,175,0.3,0.09,168.0,0.99,No,2327,3
330,Cacnea,331,137,156,74,Grass,None,120,0.5,0.1,51.3,0.41,No,1242,3
144,Zapdos,145,207,253,185,Electric,Flying,175,0.03,0.1,52.6,1.6,Si,3527,1
470,Glaceon,471,163,238,205,Ice,None,140,0.125,0.06,25.9,0.8,No,3126,4
329,Flygon,330,190,205,168,Ground,Dragon,162,0.05,0.05,82.0,2.01,No,2661,3
14,Beedrill,15,163,169,130,Bug,Poison,140,0.125,0.06,29.5,1.0,No,1846,1
402,Shinx,403,128,117,64,Electric,None,113,0.5,0.1,9.5,0.5,No,876,4
615,Shelmet,616,137,72,140,Bug,None,120,0.3,0.1,7.7,0.4,No,834,5
270,Lombre,271,155,112,119,Water,Grass,134,0.25,0.09,32.5,1.19,No,1197,3
219,Swinub,220,137,90,69,Ice,Ground,120,0.3,0.1,6.5,0.41,No,741,2
292,Whismur,293,162,92,42,Normal,None,139,0.5,0.2,16.3,0.61,No,671,3
554,Darmanitan,555,233,263,114,Fire,None,195,0.1,0.07,92.9,1.3,No,3105,5
422,Gastrodon,423,244,169,143,Water,Ground,204,0.2,0.06,29.9,0.9,No,2324,4
310,Plusle,311,155,167,129,Electric,None,134,0.3,0.09,4.2,0.41,No,1778,3
82,Farfetch'd,83,141,124,115,Normal,Flying,123,0.3,0.09,15.0,0.8,No,1236,1
15,Pidgey,16,120,85,73,Normal,Flying,106,0.5,0.2,1.8,0.3,No,680,1
212,Shuckle,213,85,17,396,Bug,Rock,79,0.3,0.07,20.5,0.61,No,405,2
36,Vulpix,37,116,96,109,Fire,None,103,0.3,0.1,9.9,0.6,No,883,1
338,Barboach,339,137,93,82,Water,Ground,120,0.5,0.1,1.9,0.41,No,819,3
115,Horsea,116,102,129,103,Water,None,92,0.5,0.1,8.0,0.4,No,1056,1
506,Herdier,507,163,145,126,Normal,None,140,0.25,0.09,14.7,0.9,No,1583,5
175,Togetic,176,146,139,181,Fairy,Flying,127,0.2,0.05,3.2,0.61,No,1708,2
209,Granbull,210,207,212,131,Fairy,None,175,0.15,0.08,48.7,1.4,No,2552,2
95,Drowzee,96,155,89,136,Psychic,None,134,0.5,0.1,32.4,1.0,No,1040,1
65,Machop,66,172,137,82,Fighting,None,147,0.5,0.1,19.5,0.8,No,1278,1
435,Bronzor,436,149,43,154,Steel,Psychic,129,0.5,0.1,60.5,0.5,No,603,4
37,Ninetales,38,177,169,190,Fire,None,151,0.1,0.06,19.9,1.1,No,2279,1
176,Natu,177,120,134,89,Psychic,Flying,106,0.4,0.15,2.0,0.2,No,1102,2
62,Abra,63,93,195,82,Psychic,None,85,0.5,0.99,19.5,0.9,No,1342,1
411,Burmy,412,120,53,83,Bug,None,106,0.5,0.2,3.4,0.2,No,488,4
632,Deino,633,141,116,93,Dark,Dragon,123,0.4,0.09,17.3,0.8,No,1062,5
377,Regice,378,190,179,309,Ice,None,162,0.02,0.01,175.0,1.8,Si,3122,4
254,Torchic,255,128,130,87,Fire,None,113,0.2,0.1,2.5,0.41,No,1093,3
53,Psyduck,54,137,122,95,Water,None,120,0.5,0.1,19.6,0.8,No,1106,1
383,Rayquaza,384,213,284,170,Dragon,Flying,180,0.02,0.01,206.5,7.01,Si,3835,4
505,Lillipup,506,128,107,86,Normal,None,113,0.5,0.2,4.1,0.4,No,915,5
384,Jirachi,385,225,210,210,Steel,Psychic,189,1.0,0.0,1.1,0.3,Si,3265,4
304,Lairon,305,155,158,198,Steel,Rock,134,0.25,0.09,120.0,0.89,No,2056,3
22,Ekans,23,111,110,97,Poison,None,99,0.5,0.15,6.9,2.0,No,927,1
114,Kangaskhan,115,233,181,165,Normal,None,195,0.2,0.09,80.0,2.2,No,2586,1
335,Seviper,336,177,196,118,Poison,None,151,0.3,0.09,52.5,2.69,No,2105,3
526,Woobat,527,163,107,85,Psychic,Flying,140,0.5,0.2,2.1,0.4,No,1016,5
104,Marowak,105,155,144,186,Ground,None,134,0.15,0.06,45.0,1.0,No,1835,1
564,Carracosta,565,179,192,197,Water,Rock,153,0.1,0.07,81.0,1.2,No,2621,5
280,Kirlia,281,116,117,90,Psychic,Fairy,103,0.1,0.06,20.2,0.79,No,966,3
98,Kingler,99,146,240,181,Water,None,127,0.2,0.07,60.0,1.3,No,2829,1
421,Shellos,422,183,103,105,Water,None,156,0.5,0.1,6.3,0.3,No,1136,4
493,Victini,494,225,210,210,Psychic,Fire,189,1.0,0.1,4.0,0.4,Si,3265,4
390,Monferno,391,162,158,105,Fire,Fighting,139,0.1,0.07,22.0,0.9,No,1574,4
0,Bulbasaur,1,128,118,111,Grass,Poison,113,0.2,0.1,6.9,0.7,No,1115,1
191,Sunflora,192,181,185,135,Grass,None,154,0.1,0.07,8.5,0.79,No,2141,2
54,Golduck,55,190,191,162,Water,None,162,0.2,0.06,76.6,1.7,No,2450,1
157,Totodile,158,137,117,109,Water,None,120,0.2,0.1,9.5,0.61,No,1131,2
317,Carvanha,318,128,171,39,Water,Dark,113,0.5,0.1,20.8,0.79,No,1020,3
398,Bidoof,399,153,80,73,Normal,None,132,0.5,0.2,20.0,0.5,No,721,4
192,Yanma,193,163,154,94,Bug,Flying,140,0.3,0.1,38.0,1.19,No,1470,2
379,Latias,380,190,228,246,Dragon,Psychic,162,0.02,0.01,40.0,1.4,Si,3510,4
508,Purrloin,509,121,98,73,Dark,None,107,0.5,0.2,10.1,0.4,No,772,5
153,Meganium,154,190,168,202,Grass,None,162,0.05,0.05,100.5,1.8,No,2410,2
313,Illumise,314,163,143,166,Bug,None,140,0.3,0.09,17.7,0.61,No,1771,3
237,Smoochum,238,128,153,91,Ice,Psychic,113,0.0,0.2,6.0,0.41,No,1291,2
231,Donphan,232,207,214,185,Ground,None,175,0.125,0.07,120.0,1.09,No,3013,2
575,Gothitelle,576,172,176,205,Psychic,None,147,0.125,0.05,44.0,1.5,No,2419,5
85,Seel,86,163,85,121,Water,None,140,0.5,0.09,90.0,1.1,No,971,1
542,Venipede,543,102,83,99,Bug,Poison,92,0.3,0.1,5.3,0.4,No,706,5
165,Ledian,166,146,107,179,Bug,Flying,127,0.15,0.07,35.6,1.4,No,1346,2
463,Rhyperior,464,251,241,190,Ground,Rock,210,0.05,0.05,282.8,2.4,No,3733,4
616,Accelgor,617,190,220,120,Bug,None,162,0.15,0.05,25.3,0.8,No,2441,5
420,Cherrim,421,172,170,153,Grass,None,147,0.1,0.07,9.3,0.5,No,2048,4
360,Snorunt,361,137,95,95,Ice,None,120,0.5,0.1,16.8,0.71,No,888,3
406,Roserade,407,155,243,185,Grass,Poison,134,0.15,0.07,14.5,0.9,No,2971,4
286,Slakoth,287,155,104,92,Normal,None,134,0.4,0.09,24.0,0.79,No,1002,3
78,Slowpoke,79,207,109,98,Water,Psychic,175,0.5,0.1,36.0,1.2,No,1226,1
608,Chandelure,609,155,271,182,Ghost,Fire,134,0.05,0.05,34.3,1.0,No,3268,5
288,Slaking,289,284,290,166,Normal,None,236,0.05,0.05,130.5,2.01,No,4431,3
193,Wooper,194,146,75,66,Water,Ground,127,0.4,0.1,8.5,0.41,No,641,2
5,Charizard,6,186,223,173,Fire,Flying,158,0.05,0.05,90.5,1.7,No,2889,1
124,Electabuzz,125,163,198,158,Electric,None,140,0.2,0.09,30.0,1.1,No,2334,1
469,Leafeon,470,163,216,219,Grass,None,140,0.125,0.06,25.5,1.0,No,2944,4
419,Cherubi,420,128,108,92,Grass,None,113,0.5,0.09,3.3,0.4,No,950,4
332,Swablu,333,128,76,132,Normal,Flying,113,0.5,0.1,1.2,0.41,No,824,3
634,Hydreigon,635,211,256,188,Dark,Dragon,178,0.05,0.05,160.0,1.8,No,3625,5
538,Sawk,539,181,231,153,Fighting,None,154,0.2,0.07,51.0,1.4,No,2788,5
172,Cleffa,173,137,75,79,Fairy,None,120,0.0,0.05,3.0,0.3,No,671,2
180,Ampharos,181,207,211,169,Electric,None,175,0.125,0.05,61.5,1.4,No,2852,2
216,Ursaring,217,207,236,144,Normal,None,175,0.15,0.07,125.8,1.8,No,2945,2
597,Ferrothorn,598,179,158,223,Grass,Steel,153,0.125,0.05,110.0,1.0,No,2321,5
166,Spinarak,167,120,105,73,Bug,Poison,106,0.5,0.2,8.5,0.51,No,816,2
137,Omanyte,138,111,155,153,Rock,Water,99,0.4,0.09,7.5,0.4,No,1544,1
474,Gallade,475,169,237,195,Psychic,Fighting,145,0.5,0.05,52.0,1.6,No,3093,4
594,Joltik,595,137,110,98,Bug,Electric,120,0.3,0.1,0.6,0.1,No,1023,5
125,Magmar,126,163,206,154,Fire,None,140,0.2,0.09,44.5,1.3,No,2394,1
455,Finneon,456,135,96,116,Water,None,118,0.5,0.1,7.0,0.4,No,971,4
413,Mothim,414,172,185,98,Bug,Flying,147,0.15,0.07,23.3,0.9,No,1815,4
101,Exeggcute,102,155,107,125,Grass,Psychic,134,0.5,0.1,2.5,0.4,No,1175,1
592,Jellicent,593,225,159,178,Water,Ghost,189,0.125,0.05,135.0,2.2,No,2338,5
41,Golbat,42,181,161,150,Poison,Flying,154,0.2,0.07,55.0,1.6,No,1976,1
638,Terrakion,639,209,260,192,Rock,Fighting,177,0.02,0.01,260.0,1.9,Si,3698,5
188,Jumpluff,189,181,118,183,Grass,Flying,154,0.125,0.05,3.0,0.79,No,1636,2
117,Goldeen,118,128,123,110,Water,None,113,0.5,0.15,15.0,0.6,No,1152,1
646,Keldeo,647,209,260,192,Water,Fighting,177,0.02,0.01,48.5,1.4,No,3698,5
631,Durant,632,151,217,188,Bug,Steel,131,0.2,0.07,33.0,0.3,No,2659,5
60,Poliwhirl,61,163,130,123,Water,None,140,0.25,0.07,20.0,1.0,No,1419,1
510,Pansage,511,137,104,94,Grass,None,120,0.5,0.2,10.5,0.6,No,956,5
311,Minun,312,155,147,150,Electric,None,134,0.3,0.09,4.2,0.41,No,1694,3
284,Shroomish,285,155,74,110,Grass,None,134,0.5,0.2,4.5,0.41,No,810,3
635,Larvesta,636,146,156,107,Bug,Fire,127,0.7,0.15,28.8,1.1,No,1496,5
1,Ivysaur,2,155,151,143,Grass,Poison,134,0.1,0.07,13.0,1.0,No,1699,1
136,Porygon,137,163,153,136,Normal,None,140,0.4,0.09,36.5,0.8,No,1720,1
89,Shellder,90,102,116,134,Water,None,92,0.5,0.1,4.0,0.3,No,1080,1
503,Patrat,504,128,98,73,Normal,None,113,0.5,0.2,11.6,0.5,No,791,5
483,Palkia,484,189,280,215,Water,Dragon,161,0.02,0.04,336.0,4.2,Si,3991,4
127,Tauros,128,181,198,183,Normal,None,154,0.3,0.09,88.4,1.4,No,2620,1
337,Solrock,338,207,178,153,Rock,Psychic,175,0.3,0.09,154.0,1.19,No,2327,3
583,Vanilluxe,584,174,218,184,Ice,None,149,0.125,0.05,57.5,1.3,No,2822,5
149,Mewtwo,150,214,300,182,Psychic,None,180,0.06,0.1,122.0,2.0,Si,4178,1
475,Probopass,476,155,135,275,Rock,Steel,134,0.1,0.07,340.0,1.4,No,2080,4
148,Dragonite,149,209,263,198,Dragon,Flying,177,0.05,0.05,210.0,2.2,No,3792,1
533,Conkeldurr,534,233,243,158,Fighting,None,195,0.125,0.05,87.0,1.4,No,3337,5
369,Luvdisc,370,125,81,128,Water,None,110,0.3,0.1,8.7,0.61,No,848,4
75,Golem,76,190,211,198,Rock,Ground,162,0.125,0.05,300.0,1.4,No,2949,1
181,Bellossom,182,181,169,186,Grass,None,154,0.05,0.05,5.8,0.41,No,2281,2
648,Genesect,649,174,252,199,Bug,Steel,149,0.02,0.01,82.5,1.5,No,3353,5
282,Surskit,283,120,93,87,Bug,Water,106,0.5,0.2,1.7,0.51,No,791,3
334,Zangoose,335,177,222,124,Normal,None,151,0.3,0.09,40.3,1.3,No,2418,3
348,Feebas,349,85,29,85,Water,None,79,0.7,0.15,7.4,0.61,No,274,3
241,Blissey,242,496,129,169,Normal,None,403,0.05,0.05,46.8,1.5,No,2757,2
627,Braviary,628,225,232,152,Normal,Flying,189,0.15,0.05,41.0,1.5,No,3088,5
70,Victreebel,71,190,207,135,Grass,Poison,162,0.125,0.05,15.5,1.7,No,2431,1
476,Dusknoir,477,128,180,254,Ghost,None,113,0.1,0.05,106.6,2.2,No,2388,4
211,Scizor,212,172,236,181,Bug,Steel,147,0.05,0.05,125.0,2.01,No,3001,2
232,Porygon2,233,198,198,180,Normal,None,168,0.05,0.05,32.5,0.61,No,2711,2
353,Banette,354,162,218,126,Ghost,None,139,0.2,0.07,12.5,1.09,No,2298,3
456,Lumineon,457,170,142,170,Water,None,146,0.2,0.06,24.0,1.2,No,1814,4
405,Budew,406,120,91,109,Grass,Poison,106,0.1,0.04,1.2,0.2,No,856,4
244,Suicune,245,225,180,235,Water,None,189,0.02,0.04,187.0,2.01,Si,2983,2
599,Klang,600,155,150,174,Steel,None,134,0.1,0.07,51.0,0.6,No,1847,5
300,Delcatty,301,172,132,127,Normal,None,147,0.2,0.06,32.6,1.09,No,1496,3
283,Masquerain,284,172,192,150,Bug,Flying,147,0.2,0.07,3.6,0.79,No,2270,3
34,Clefairy,35,172,107,108,Fairy,None,147,0.3,0.1,7.5,0.6,No,1155,1
183,Azumarill,184,225,112,152,Water,Fairy,189,0.15,0.07,28.5,0.79,No,1588,2
74,Graveler,75,146,164,164,Rock,Ground,127,0.25,0.07,105.0,1.0,No,1897,1
217,Slugma,218,120,118,71,Fire,None,106,0.3,0.1,35.0,0.71,No,895,2
281,Gardevoir,282,169,237,195,Psychic,Fairy,145,0.05,0.05,48.4,1.6,No,3093,3
35,Clefable,36,216,178,162,Fairy,None,182,0.1,0.06,40.0,1.3,No,2437,1
464,Tangrowth,465,225,207,184,Grass,None,189,0.15,0.1,128.6,2.0,No,3030,4
409,Shieldon,410,102,76,195,Rock,Steel,92,0.5,0.1,57.0,0.5,No,890,4
412,Wormadam,413,155,141,180,Bug,Grass,134,0.15,0.07,6.5,0.5,No,1773,4
604,Elgyem,605,146,148,100,Psychic,None,127,0.3,0.1,9.0,0.5,No,1385,5
496,Serperior,497,181,161,204,Grass,None,154,0.05,0.05,63.0,3.3,No,2277,5
205,Dunsparce,206,225,131,128,Normal,None,189,0.3,0.2,14.0,1.5,No,1689,2
189,Aipom,190,146,136,112,Normal,None,127,0.2,0.09,11.5,0.79,No,1348,2
386,Turtwig,387,146,119,110,Grass,None,127,0.2,0.1,10.2,0.4,No,1187,4
230,Phanpy,231,207,107,98,Ground,None,175,0.5,0.2,33.5,0.51,No,1206,2
441,Spiritomb,442,137,169,199,Ghost,Dark,120,0.1,0.04,108.0,1.0,No,2072,4
17,Pidgeot,18,195,166,154,Normal,Flying,165,0.125,0.06,39.5,1.5,No,2129,1
485,Regigigas,486,221,287,210,Normal,None,186,0.02,0.04,420.0,3.7,Si,4346,4
523,Roggenrola,524,146,121,110,Rock,None,127,0.5,0.15,18.0,0.4,No,1205,5
257,Mudkip,258,137,126,93,Water,None,120,0.2,0.1,7.6,0.41,No,1128,3
162,Hoothoot,163,155,67,88,Normal,Flying,134,0.5,0.15,21.2,0.71,No,677,2
471,Gliscor,472,181,185,222,Ground,Flying,154,0.125,0.09,42.5,2.0,No,2692,4
556,Dwebble,557,137,118,128,Bug,Rock,120,0.3,0.1,14.5,0.3,No,1224,5
88,Muk,89,233,190,172,Poison,None,195,0.2,0.06,30.0,1.2,No,2757,1
84,Dodrio,85,155,218,140,Normal,Flying,134,0.2,0.06,85.2,1.8,No,2362,1
200,Unown,201,134,136,91,Psychic,None,117,0.3,0.1,5.0,0.51,No,1185,2
560,Sigilyph,561,176,204,167,Psychic,Flying,150,0.2,0.07,14.0,1.4,No,2550,5
562,Cofagrigus,563,151,163,237,Ghost,None,131,0.1,0.07,76.5,1.7,No,2273,5
177,Xatu,178,163,192,146,Psychic,Flying,140,0.15,0.07,15.0,1.5,No,2188,2
156,Typhlosion,157,186,223,173,Fire,None,158,0.05,0.05,79.5,1.7,No,2889,2
423,Ambipom,424,181,205,143,Normal,None,154,0.2,0.06,20.3,1.2,No,2418,4
108,Koffing,109,120,119,141,Poison,None,106,0.5,0.1,1.0,0.6,No,1214,1
240,Miltank,241,216,157,193,Normal,None,182,0.2,0.08,75.5,1.19,No,2354,2
372,Salamence,373,216,277,168,Dragon,Flying,182,0.05,0.05,102.6,1.5,No,3749,4
133,Vaporeon,134,277,205,161,Water,None,230,0.125,0.06,29.0,1.0,No,3114,1
607,Lampent,608,155,169,115,Ghost,Fire,134,0.1,0.07,13.0,0.6,No,1708,5
51,Meowth,52,120,92,78,Normal,None,106,0.5,0.15,4.2,0.4,No,748,1
252,Grovyle,253,137,172,120,Grass,None,120,0.1,0.07,21.6,0.89,No,1673,3
621,Golett,622,153,127,92,Ground,Ghost,132,0.3,0.1,92.0,1.0,No,1189,5
378,Registeel,379,190,143,285,Steel,None,162,0.02,0.01,205.0,1.91,Si,2447,4
440,Chatot,441,183,183,91,Normal,Flying,156,0.3,0.09,1.9,0.5,No,1791,4
403,Luxio,404,155,159,95,Electric,None,134,0.25,0.07,30.5,0.9,No,1486,4
382,Groudon,383,205,270,228,Ground,None,173,0.02,0.01,950.0,3.51,Si,4115,4
4,Charmeleon,5,151,158,126,Fire,None,131,0.1,0.07,19.0,1.1,No,1653,1
452,Croagunk,453,134,116,76,Poison,Fighting,117,0.4,0.12,23.0,0.7,No,952,4
145,Moltres,146,207,251,181,Fire,Flying,175,0.03,0.1,60.0,2.0,Si,3465,1
355,Dusclops,356,120,124,234,Ghost,None,106,0.2,0.07,30.6,1.6,No,1591,3
477,Froslass,478,172,171,150,Ice,Ghost,147,0.2,0.07,26.6,1.3,No,2040,4
134,Jolteon,135,163,232,182,Electric,None,140,0.125,0.06,24.5,0.8,No,2888,1
247,Tyranitar,248,225,251,207,Rock,Dark,189,0.05,0.04,202.0,2.01,No,3834,2
407,Cranidos,408,167,218,71,Rock,None,143,0.5,0.1,31.5,0.9,No,1820,4
545,Cottonee,546,120,71,111,Grass,Fairy,106,0.3,0.1,0.6,0.3,No,700,5
33,Nidoking,34,191,204,156,Poison,Ground,162,0.125,0.05,62.0,1.4,No,2567,1
517,Musharna,518,253,183,166,Psychic,None,211,0.2,0.07,60.5,1.1,No,2723,5
271,Ludicolo,272,190,173,176,Water,Grass,162,0.125,0.06,55.0,1.5,No,2323,3
633,Zweilous,634,176,159,135,Dark,Dragon,150,0.1,0.07,50.0,1.4,No,1839,5
225,Mantine,226,163,148,226,Water,Flying,140,0.3,0.07,220.0,2.11,No,2108,2
224,Delibird,225,128,128,90,Ice,Flying,113,0.2,0.2,16.0,0.89,No,1094,2
511,Simisage,512,181,206,133,Grass,None,154,0.5,0.2,30.5,1.1,No,2350,5
21,Fearow,22,163,182,133,Normal,Flying,140,0.2,0.07,38.0,1.2,No,1997,1
307,Medicham,308,155,121,152,Fighting,Psychic,134,0.2,0.06,31.5,1.3,No,1431,3
391,Infernape,392,183,222,151,Fire,Fighting,156,0.05,0.05,55.0,1.2,No,2683,4
561,Yamask,562,116,95,141,Ghost,None,103,0.3,0.1,1.5,0.5,No,982,5
492,Arceus,493,237,238,238,Normal,None,199,0.02,0.0,320.0,3.2,Si,3989,4
40,Zubat,41,120,83,73,Poison,Flying,106,0.5,0.2,7.5,0.8,No,667,1
343,Claydol,344,155,140,229,Ground,Psychic,134,0.2,0.06,108.0,1.5,No,1971,3
26,Sandshrew,27,137,126,120,Ground,None,120,0.5,0.1,12.0,0.6,No,1261,1
323,Torkoal,324,172,151,203,Fire,None,147,0.3,0.09,80.4,0.51,No,2093,3
611,Haxorus,612,183,284,172,Dragon,None,156,0.05,0.05,105.5,1.8,No,3593,5
186,Hoppip,187,111,67,94,Grass,Flying,99,0.5,0.12,0.5,0.41,No,600,2
352,Shuppet,353,127,138,65,Ghost,None,112,0.4,0.1,2.3,0.61,No,1018,3
196,Umbreon,197,216,126,240,Dark,None,182,0.125,0.05,27.0,0.99,No,2137,2
518,Pidove,519,137,98,80,Normal,Flying,120,0.5,0.2,2.1,0.3,No,848,5
118,Seaking,119,190,175,147,Water,None,162,0.2,0.07,39.0,1.3,No,2162,1
223,Octillery,224,181,197,141,Water,None,154,0.15,0.07,28.5,0.89,No,2315,2
69,Weepinbell,70,163,172,92,Grass,Poison,140,0.25,0.07,6.4,1.0,No,1611,1
113,Tangela,114,163,183,169,Grass,None,140,0.4,0.09,35.0,1.0,No,2238,1
488,Phione,489,190,162,162,Water,None,162,0.02,0.0,3.1,0.4,No,2105,4
626,Rufflet,627,172,150,97,Normal,Flying,147,0.3,0.1,10.5,0.5,No,1491,5
59,Poliwag,60,120,101,82,Water,None,106,0.5,0.15,12.4,0.6,No,829,1
57,Growlithe,58,146,136,93,Fire,None,127,0.3,0.1,19.0,0.7,No,1243,1
318,Sharpedo,319,172,243,83,Water,Dark,147,0.2,0.06,88.8,1.8,No,2181,3
567,Trubbish,568,137,96,122,Poison,None,120,0.3,0.09,31.0,0.6,No,1000,5
375,Metagross,376,190,257,228,Steel,Psychic,162,0.05,0.05,550.0,1.6,No,3791,4
494,Snivy,495,128,88,107,Grass,None,113,0.2,0.1,8.1,0.6,No,849,5
245,Larvitar,246,137,115,93,Rock,Ground,120,0.4,0.1,72.0,0.61,No,1040,2
618,Mienfoo,619,128,160,98,Fighting,None,113,0.3,0.1,20.0,0.9,No,1389,5
319,Wailmer,320,277,136,68,Water,None,230,0.5,0.1,130.0,2.01,No,1468,3
356,Tropius,357,223,136,163,Grass,Flying,188,0.3,0.1,100.0,2.01,No,1941,3
344,Lileep,345,165,105,150,Rock,Grass,142,0.5,0.1,23.8,0.99,No,1291,3
173,Igglybuff,174,207,69,32,Normal,Fairy,175,0.0,0.05,1.0,0.3,No,535,2
63,Kadabra,64,120,232,117,Psychic,None,106,0.25,0.07,56.5,1.3,No,2059,1
351,Kecleon,352,155,161,189,Normal,None,134,0.3,0.1,22.0,0.99,No,2047,3
596,Ferroseed,597,127,82,155,Grass,Steel,112,0.3,0.09,18.8,0.6,No,941,5
105,Hitmonlee,106,137,224,181,Fighting,None,120,0.2,0.09,49.8,1.5,No,2576,1
395,Starly,396,120,101,58,Normal,Flying,106,0.5,0.2,2.0,0.3,No,719,4
220,Piloswine,221,225,181,138,Ice,Ground,189,0.125,0.06,55.8,1.09,No,2345,2
544,Scolipede,545,155,203,175,Bug,Poison,134,0.2,0.07,200.5,2.5,No,2447,5
81,Magneton,82,137,223,169,Electric,Steel,120,0.2,0.06,60.0,1.0,No,2485,1
444,Garchomp,445,239,261,193,Dragon,Ground,200,0.05,0.05,95.0,1.9,No,3962,4
106,Hitmonchan,107,137,193,197,Fighting,None,120,0.2,0.09,50.2,1.4,No,2332,1
294,Exploud,295,232,179,137,Normal,None,195,0.125,0.06,84.0,1.5,No,2347,3
417,Buizel,418,146,132,67,Water,None,127,0.5,0.1,29.5,0.7,No,1054,4
527,Swoobat,528,167,161,119,Psychic,Flying,143,0.2,0.07,10.5,0.9,No,1716,5
573,Gothita,574,128,98,112,Psychic,None,113,0.5,0.15,5.8,0.4,No,951,5
434,Skuntank,435,230,184,132,Poison,Dark,193,0.2,0.06,38.0,1.0,No,2358,4
585,Sawsbuck,586,190,198,146,Normal,Grass,162,0.15,0.05,92.5,1.9,No,2416,5
522,Zebstrika,523,181,211,136,Electric,None,154,0.1,0.07,79.5,1.6,No,2428,5
555,Maractus,556,181,201,130,Grass,None,154,0.2,0.07,28.0,1.0,No,2274,5
591,Frillish,592,146,115,134,Water,Ghost,127,0.3,0.09,33.0,1.2,No,1257,5
624,Bisharp,625,163,232,176,Dark,Steel,140,0.15,0.05,70.0,1.6,No,2844,5
534,Tympole,535,137,98,78,Water,None,120,0.5,0.15,4.5,0.5,No,839,5
341,Crawdaunt,342,160,224,142,Water,Dark,138,0.2,0.06,32.8,1.09,No,2474,3
362,Spheal,363,172,95,90,Ice,Water,147,0.5,0.1,39.5,0.79,No,962,3
312,Volbeat,313,163,143,166,Bug,None,140,0.3,0.09,17.7,0.71,No,1771,3
23,Arbok,24,155,167,153,Poison,None,134,0.2,0.07,65.0,3.5,No,1921,1
546,Whimsicott,547,155,164,176,Grass,Fairy,134,0.15,0.05,6.6,0.7,No,2014,5
507,Stoutland,508,198,206,182,Normal,None,168,0.125,0.05,61.0,1.2,No,2827,5
11,Butterfree,12,155,167,137,Bug,Flying,134,0.125,0.06,32.0,1.1,No,1827,1
587,Karrablast,588,137,137,87,Bug,None,120,0.3,0.1,5.9,0.5,No,1182,5
327,Trapinch,328,128,162,78,Ground,None,113,0.4,0.09,15.0,0.71,No,1274,3
364,Walrein,365,242,182,176,Ice,Water,203,0.125,0.05,150.6,1.4,No,2726,3
549,Basculin,550,172,189,129,Water,None,147,0.2,0.07,18.0,1.0,No,2090,5
520,Unfezant,521,190,226,146,Normal,Flying,162,0.125,0.05,29.0,1.2,No,2734,5
30,Nidoqueen,31,207,180,173,Poison,Ground,175,0.125,0.05,60.0,1.3,No,2488,1
428,Mismagius,429,155,211,187,Ghost,None,134,0.1,0.07,4.4,0.9,No,2615,4
521,Blitzle,522,128,118,64,Electric,None,113,0.3,0.1,29.8,0.8,No,882,5
7,Wartortle,8,153,126,155,Water,None,132,0.1,0.07,22.5,1.0,No,1488,1
490,Darkrai,491,172,285,198,Dark,None,147,0.02,0.0,50.5,1.5,Si,3739,4
99,Voltorb,100,120,109,111,Electric,None,106,0.5,0.1,10.4,0.5,No,1010,1
238,Elekid,239,128,135,101,Electric,None,113,0.0,0.2,23.5,0.61,No,1206,2
159,Feraligatr,160,198,205,188,Water,None,168,0.05,0.05,88.8,2.31,No,2857,2
340,Corphish,341,125,141,99,Water,None,110,0.5,0.1,11.5,0.61,No,1230,3
31,Nidoran,32,130,105,76,Poison,None,114,0.5,0.15,9.0,0.5,No,860,1
170,Lanturn,171,268,146,137,Water,Electric,223,0.15,0.07,22.5,1.19,No,2085,2
433,Stunky,434,160,121,90,Poison,Dark,138,0.5,0.1,19.2,0.4,No,1151,4
486,Giratina,487,284,187,225,Ghost,Dragon,236,0.02,0.04,750.0,4.5,Si,3379,4
331,Cacturne,332,172,221,115,Grass,Dark,147,0.2,0.06,77.4,1.3,No,2298,3
427,Lopunny,428,163,156,194,Normal,None,140,0.2,0.06,33.3,1.2,No,2059,4
641,Thundurus,642,188,266,164,Electric,Flying,160,0.02,0.01,61.0,1.5,Si,3345,5
380,Latios,381,190,268,212,Dragon,Psychic,162,0.02,0.01,60.0,2.01,Si,3812,4
610,Fraxure,611,165,212,123,Dragon,None,142,0.1,0.07,36.0,1.0,No,2234,5
214,Sneasel,215,146,189,146,Dark,Ice,127,0.2,0.07,28.0,0.89,No,2051,2
442,Gible,443,151,124,84,Dragon,Ground,131,0.4,0.09,20.5,0.7,No,1112,4
174,Togepi,175,111,67,116,Fairy,None,99,0.0,0.05,1.5,0.3,No,657,2
295,Makuhita,296,176,99,54,Fighting,None,150,0.5,0.1,86.4,0.99,No,817,3
443,Gabite,444,169,172,125,Dragon,Ground,145,0.1,0.06,56.0,1.4,No,1874,4
213,Heracross,214,190,234,179,Bug,Fighting,162,0.3,0.09,54.0,1.5,No,3101,2
514,Panpour,515,137,104,94,Water,None,120,0.5,0.2,13.5,0.6,No,956,5
207,Steelix,208,181,148,272,Steel,Ground,154,0.1,0.05,400.0,9.19,No,2414,2
120,Starmie,121,155,210,184,Water,Psychic,134,0.2,0.06,80.0,1.1,No,2584,1
439,Happiny,440,225,25,77,Normal,None,189,0.1,0.04,24.4,0.6,No,371,4
